Qualifying Name,Name of Area,FIPS,Nation,State,County,Census Tract,Block Group,City,Metropolitan Statistical Area/Micropolitan Statistical Area,ZIP Code,2021 Total Population,2021 Population Density,2010-2021 Growth,2010-2021 Average Annual Growth,2026 Total Population,2026 Population Density,2021-2026 Projected Population Growth,2021-2026 Projected Average Annual Growth,2010 Total Population,2000 Population,1990 Population,2021 Aggregate Household Income,2021 Average Household Income,2021 Median Household Income,2021 Per Capita Income,2026 Aggregate Household Income,2026 Average Household Income,2026 Median Household Income,2026 Per Capita Income,2021 Population Aged 0 to 5 Years (Infant-K),2021 Population Aged 6 to 17 Years (Gradeschool),2026 Population Aged 0 to 5 Years (Infant-K),2026 Population Aged 6 to 17 Years (Gradeschool),Employed Population 16 and Over,Work at Home,"Car, Truck, Van to Work",Alone,Carpool,Public Transportation to Work,Bus or Trolley Bus to Work,Streetcar or Trolley Car to Work,Subway or Elevated to Work,Railroad to Work,Ferry to Work,Taxi to Work,Motorcycle to Work,Bicycle to Work,Walked to Work,Other Transportation to Work,% Work at Home,"% Car, Truck, Van to Work",% Alone,% Carpool,% Public Transportation to Work,% Bus or Trolley Bus to Work,% Streetcar or Trolley Car to Work,% Subway or Elevated to Work,% Railroad to Work,% Ferry to Work,% Taxi to Work,% Motorcycle to Work,% Bicycle to Work,% Walked to Work,% Other Transportation to Work,Employed Population 16 and Over,Travel Time Less than 30 Minutes,Travel Time 30-59 Min,Travel Time 60-89 Min,Travel Time 90+ Min,% Travel Time Less than 30 Minutes,% Travel Time 30-59 Min,% Travel Time 60-89 Min,% Travel Time 90+ Min,"Household Income, Median","Households with Income Less than $25,000 (estimates)  *","Households with Income $25,000 to $34,999","Households with Income $35,000 to $49,999","Households with Income $50,000 to $74,999","Households with Income $75,000 to $99,999","Households with Income $100,000 to $124,999","Households with Income $125,000 and Above (estimates) *",Total Number of Households,"Householder, Aged Under 25 Years","Householder, Aged 25 to 34 Years","Householder, Aged 35 to 44 Years","Householder, Aged 45 to 54 Years","Householder, Aged 55 to 64 Years","Householder, Aged 65 to 74 Years","Householder, Aged 75 to 84 Years","Householder, Aged 85 Years and Over","% Householder, Aged Under 25 Years","% Householder, Aged 25 to 34 Years","% Householder, Aged 35 to 44 Years","% Householder, Aged 45 to 54 Years","% Householder, Aged 55 to 64 Years","% Householder, Aged 65 to 74 Years","% Householder, Aged 75 to 84 Years","% Householder, Aged 85 Years and Over"
Geo_QNAME,Geo_NAME,Geo_FIPS,Geo_NATION,Geo_STATE,Geo_COUNTY,Geo_CT,Geo_BG,Geo_CITY,Geo_MSAMSA,Geo_ZC,SE_T001_001,SE_T001_002,SE_T001_003,SE_T001_004,SE_T001_005,SE_T001_006,SE_T001_007,SE_T001_008,SE_T001_009,SE_T001_010,SE_T001_011,SE_T004_001,SE_T004_002,SE_T004_003,SE_T004_004,SE_T004_005,SE_T004_006,SE_T004_007,SE_T004_008,SE_T012_001,SE_T012_002,SE_T012_003,SE_T012_004,SE_T014_001,SE_T014_002,SE_T014_003,SE_T014_004,SE_T014_005,SE_T014_006,SE_T014_007,SE_T014_008,SE_T014_009,SE_T014_010,SE_T014_011,SE_T014_012,SE_T014_013,SE_T014_014,SE_T014_015,SE_T014_016,PCT_SE_T014_002,PCT_SE_T014_003,PCT_SE_T014_004,PCT_SE_T014_005,PCT_SE_T014_006,PCT_SE_T014_007,PCT_SE_T014_008,PCT_SE_T014_009,PCT_SE_T014_010,PCT_SE_T014_011,PCT_SE_T014_012,PCT_SE_T014_013,PCT_SE_T014_014,PCT_SE_T014_015,PCT_SE_T014_016,SE_T015_001,SE_T015_002,SE_T015_003,SE_T015_004,SE_T015_005,PCT_SE_T015_002,PCT_SE_T015_003,PCT_SE_T015_004,PCT_SE_T015_005,SE_T016_001,SE_T016_002,SE_T016_003,SE_T016_004,SE_T016_005,SE_T016_006,SE_T016_007,SE_T016_008,SE_T020_001,SE_T020_002,SE_T020_003,SE_T020_004,SE_T020_005,SE_T020_006,SE_T020_007,SE_T020_008,SE_T020_009,PCT_SE_T020_002,PCT_SE_T020_003,PCT_SE_T020_004,PCT_SE_T020_005,PCT_SE_T020_006,PCT_SE_T020_007,PCT_SE_T020_008,PCT_SE_T020_009
"Albany, New York",Albany,36001,0,36,1,,,,,,303733,581,-471,-42,300444,574.7,-3289,-657,304204,294674,292241,13188606048,103690,82120,44239,13928274372,110661,87948,47241,16668,38949,15358,36510,156927,5104,129647,110518,19129,9887,9446,0,123,313,5,523,154,669,10112,831,3.25,82.62,70.43,12.19,6.3,6.02,0,0.08,0.2,0,0.33,0.1,0.43,6.44,0.53,156927,118365,29568,2766,1124,75.43,18.84,1.76,0.72,82120,19485,8235,12272,18623,17489,14172,36917,127193,6142,21584,22490,22338,23080,17950,10373,3236,4.83,16.97,17.68,17.56,18.15,14.11,8.16,2.54
"Allegany, New York",Allegany,36003,0,36,3,,,,,,45603,44.3,-3343,-303,44816,43.5,-787,-157,48946,49936,50492,1310982694,74721,59000,29346,1393926797,79849,63010,31758,2575,6185,2319,5729,19067,865,15896,13663,2233,107,78,0,23,6,0,3,44,59,1774,319,4.54,83.37,71.66,11.71,0.56,0.41,0,0.12,0.03,0,0.02,0.23,0.31,9.3,1.67,19067,12791,4027,629,755,67.08,21.12,3.3,3.96,59000,3497,1680,2413,3285,2521,1664,2485,17545,897,1752,2395,3492,3954,2910,1410,735,5.11,9.99,13.65,19.9,22.54,16.59,8.04,4.19
"Bronx, New York",Bronx,36005,0,36,5,,,,,,1394205,33119.4,9097,827,1390031,33020.3,-4174,-834,1385108,1332621,1203053,31727625097,64507,45065,23530,34450099197,70165,50182,25627,109255,214821,101666,198679,568150,18820,176681,147966,28715,321961,77987,2696,228721,12526,31,6651,207,1191,39635,3004,3.31,31.1,26.04,5.05,56.67,13.73,0.47,40.26,2.2,0.01,1.17,0.04,0.21,6.98,0.53,568150,136276,200061,157217,55776,23.99,35.21,27.67,9.82,45065,156955,50405,57469,71796,54524,38418,62281,491848,13312,77613,91524,93499,100522,64518,40675,10185,2.71,15.78,18.61,19.01,20.44,13.12,8.27,2.07
"Broome, New York",Broome,36007,0,36,7,,,,,,189076,267.9,-11524,-1047,185710,263.1,-3366,-673,200600,200528,212179,6405497357,83370,63991,34531,6629037569,88131,68271,36379,10368,24204,9394,22598,86821,3434,75030,66975,8055,3522,3399,7,100,0,16,140,85,208,3896,506,3.96,86.42,77.14,9.28,4.06,3.91,0.01,0.12,0,0.02,0.16,0.1,0.24,4.49,0.58,86821,71158,8678,2224,1327,81.96,10,2.56,1.53,63991,14991,7080,9242,12692,10684,7392,14751,76832,4477,11086,10578,12944,13747,11255,7489,5256,5.83,14.43,13.77,16.85,17.89,14.65,9.75,6.84
"Cattaraugus, New York",Cattaraugus,36009,0,36,9,,,,,,75781,57.9,-4536,-412,74605,57,-1176,-235,80317,83952,84243,2259146330,72616,59790,30362,2386304706,77075,63986,32583,4890,10881,4434,10116,32762,1293,29124,25899,3225,264,204,0,14,17,29,56,38,126,1663,198,3.95,88.9,79.05,9.84,0.81,0.62,0,0.04,0.05,0.09,0.17,0.12,0.38,5.08,0.6,32762,23753,5406,1624,686,72.5,16.5,4.96,2.09,59790,6163,3125,4005,5778,4714,3252,4074,31111,1467,3087,4760,6989,6473,4849,2745,741,4.72,9.92,15.3,22.46,20.81,15.59,8.82,2.38
"Cayuga, New York",Cayuga,36011,0,36,11,,,,,,75983,109.9,-4043,-367,74658,108,-1325,-265,80026,81963,82320,2630783410,84971,70521,35200,2822143843,91169,75228,38436,4159,10444,3767,9689,30064,1232,26686,24396,2290,347,335,0,9,3,0,37,26,54,1466,216,4.1,88.76,81.15,7.62,1.15,1.11,0,0.03,0.01,0,0.12,0.09,0.18,4.88,0.72,30064,18788,8821,770,453,62.49,29.34,2.56,1.51,70521,4704,2806,3582,5346,4818,3904,5801,30961,892,4177,5570,5379,6873,4342,2242,1486,2.88,13.49,17.99,17.37,22.2,14.02,7.24,4.8
"Chautauqua, New York",Chautauqua,36013,0,36,13,,,,,,126114,119,-8791,-799,124063,117,-2051,-410,134905,139739,140397,3777449393,72422,57428,31130,4000180972,77044,61459,33540,7555,17562,6881,16353,52929,2304,46450,40959,5491,262,226,0,36,0,0,256,47,364,2644,602,4.35,87.76,77.38,10.37,0.5,0.43,0,0.07,0,0,0.48,0.09,0.69,5,1.14,52929,41501,7496,952,676,78.41,14.16,1.8,1.28,57428,11396,5191,6821,8992,7218,4884,7657,52159,2583,5524,6021,9320,11044,8780,5845,3042,4.95,10.59,11.54,17.87,21.17,16.83,11.21,5.83
"Chemung, New York",Chemung,36015,0,36,15,,,,,,82536,202.6,-6294,-572,80891,198.6,-1645,-329,88830,91063,95207,2811383740,83120,66081,34558,2920522034,87640,70749,36642,5284,11751,4780,10924,36275,777,32902,30282,2620,729,677,0,49,3,0,77,75,114,1380,221,2.14,90.7,83.48,7.22,2.01,1.87,0,0.14,0.01,0,0.21,0.21,0.31,3.8,0.61,36275,28900,4693,1051,854,79.67,12.94,2.9,2.35,66081,6286,3123,4063,5347,5051,3505,6448,33823,1064,4156,6464,6069,6292,5771,3140,867,3.15,12.29,19.11,17.94,18.6,17.06,9.28,2.56
"Chenango, New York",Chenango,36017,0,36,17,,,,,,46685,52.2,-3792,-344,45767,51.2,-918,-183,50477,51401,51775,1510109212,78026,63654,32640,1604350130,83656,67718,35383,2585,6723,2315,6200,23447,1119,20805,17561,3244,128,111,0,14,3,0,15,52,79,1138,111,4.77,88.73,74.9,13.84,0.55,0.47,0,0.06,0.01,0,0.06,0.22,0.34,4.85,0.47,23447,15268,5747,655,658,65.12,24.51,2.79,2.81,63654,3503,1805,2434,3543,2859,2224,2986,19354,775,3087,2622,3200,3793,3456,1913,508,4,15.95,13.55,16.53,19.6,17.86,9.88,2.62
"Clinton, New York",Clinton,36019,0,36,19,,,,,,79915,77,-2213,-201,78671,75.8,-1244,-248,82128,79895,85990,2772796355,86739,69278,35321,2944087627,92329,74061,38092,4081,9670,3701,9004,35096,954,31726,28582,3144,187,169,0,18,0,0,272,74,86,1109,688,2.72,90.4,81.44,8.96,0.53,0.48,0,0.05,0,0,0.78,0.21,0.25,3.16,1.96,35096,26778,5850,742,772,76.3,16.67,2.11,2.2,69278,5684,2670,3675,5128,4743,3474,6593,31967,2406,3481,5946,5712,6324,4044,3442,612,7.53,10.89,18.6,17.87,19.78,12.65,10.77,1.91
"Columbia, New York",Columbia,36021,0,36,21,,,,,,59556,93.8,-3540,-321,58589,92.3,-967,-193,63096,63098,62994,2647796894,106376,79303,45210,2715648546,110137,84788,47153,3024,7822,2740,7250,25108,2386,20127,18261,1866,728,267,12,329,120,0,54,34,48,1633,98,9.5,80.16,72.73,7.43,2.9,1.06,0.05,1.31,0.48,0,0.22,0.14,0.19,6.5,0.39,25108,14510,6115,1251,846,57.79,24.35,4.98,3.37,79303,3156,1846,2765,4081,3473,2674,6896,24891,544,2609,3064,4448,6250,4639,2263,1074,2.19,10.48,12.31,17.87,25.11,18.64,9.09,4.31
"Cortland, New York",Cortland,36023,0,36,23,,,,,,47224,94.7,-2112,-192,46589,93.4,-635,-127,49336,48598,48974,1482306558,82695,66926,32259,1593348241,90239,71114,35089,2711,6260,2461,5871,16839,658,14748,12916,1832,128,122,0,6,0,0,68,40,175,979,43,3.91,87.58,76.7,10.88,0.76,0.72,0,0.04,0,0,0.4,0.24,1.04,5.81,0.26,16839,10592,4634,771,184,62.9,27.52,4.58,1.09,66926,3223,1404,2135,3250,2674,1930,3309,17925,1022,2801,2584,3415,3562,2508,1474,559,5.7,15.63,14.42,19.05,19.87,13.99,8.22,3.12
"Delaware, New York",Delaware,36025,0,36,25,,,,,,43835,30.4,-4145,-376,42774,29.7,-1061,-212,47980,48084,47867,1403470893,75508,61789,32904,1497151672,81695,65889,35998,2184,5286,1934,4841,20767,1664,16630,13947,2683,234,111,0,116,7,0,14,25,29,1996,175,8.01,80.08,67.16,12.92,1.13,0.53,0,0.56,0.03,0,0.07,0.12,0.14,9.61,0.84,20767,13997,3883,580,643,67.4,18.7,2.79,3.1,61789,3475,1782,2454,3356,2773,2057,2690,18587,837,1467,2530,2797,4987,3081,2374,514,4.5,7.89,13.61,15.05,26.83,16.58,12.77,2.77
"Dutchess, New York",Dutchess,36027,0,36,27,,,,,,293729,369.2,-3759,-341,291880,366.9,-1849,-369,297488,280147,259495,13267499682,122127,96703,46514,13870029108,127586,103239,48976,16589,43301,15433,41052,132318,9408,109502,99660,9842,7309,1456,57,566,5221,9,453,46,338,4666,596,7.11,82.76,75.32,7.44,5.52,1.1,0.04,0.43,3.95,0.01,0.34,0.03,0.26,3.53,0.45,132318,69717,31579,13056,8558,52.69,23.87,9.87,6.47,96703,12397,5998,9337,14271,14186,12831,39617,108637,3036,11499,15534,20948,26976,16342,11288,3014,2.79,10.58,14.3,19.28,24.83,15.04,10.39,2.77
"Erie, New York",Erie,36029,0,36,29,,,,,,917808,880.2,-1232,-112,912726,875.4,-5082,-1016,919040,950264,968626,34871822164,89646,69495,38536,36559986539,93901,74443,40631,52535,126050,48343,118310,425409,15387,372315,346255,26060,18047,16305,142,1577,13,10,774,411,1941,13856,2678,3.62,87.52,81.39,6.13,4.24,3.83,0.03,0.37,0,0,0.18,0.1,0.46,3.26,0.63,425409,297590,98534,8209,5689,69.95,23.16,1.93,1.34,69495,71465,32707,43807,59652,52956,41071,87337,388995,17223,59183,57517,63036,80047,63106,32936,15947,4.43,15.21,14.79,16.2,20.58,16.22,8.47,4.1
"Essex, New York",Essex,36031,0,36,31,,,,,,36875,20.6,-2495,-226,36045,20.1,-830,-166,39370,38849,37163,1350940907,84800,67196,37357,1429802592,89953,71325,40439,1755,4419,1548,4025,15594,916,12634,11262,1372,185,86,9,53,28,9,169,30,72,1241,347,5.87,81.02,72.22,8.8,1.19,0.55,0.06,0.34,0.18,0.06,1.08,0.19,0.46,7.96,2.23,15594,10679,2500,951,548,68.48,16.03,6.1,3.51,67196,2382,1326,2105,3129,2488,1658,2843,15931,528,1559,2323,2596,3390,2695,2173,667,3.31,9.79,14.58,16.3,21.28,16.92,13.64,4.19
"Franklin, New York",Franklin,36033,0,36,33,,,,,,49965,30.7,-1634,-148,49265,30.2,-700,-140,51599,51136,46543,1424857904,76564,61041,29234,1504763631,81870,65665,31341,2792,6349,2519,5834,21771,880,19573,18023,1550,273,273,0,0,0,0,29,39,145,726,106,4.04,89.9,82.78,7.12,1.25,1.25,0,0,0,0,0.13,0.18,0.67,3.33,0.49,21771,15517,4058,827,489,71.27,18.64,3.8,2.25,61041,3777,1749,2402,3118,2550,1975,3039,18610,1053,2570,3829,2969,2807,2732,2041,609,5.66,13.81,20.57,15.95,15.08,14.68,10.97,3.27
"Fulton, New York",Fulton,36035,0,36,35,,,,,,52804,106.6,-2727,-247,51809,104.6,-995,-199,55531,55122,54253,1736626744,79429,64525,33474,1797145993,83317,69041,35335,2961,7403,2671,6859,22551,848,20866,18005,2861,68,39,0,0,19,10,36,53,53,418,209,3.76,92.53,79.84,12.69,0.3,0.17,0,0,0.08,0.04,0.16,0.24,0.24,1.85,0.93,22551,14479,5303,1555,366,64.21,23.52,6.9,1.62,64525,4037,1937,2709,3871,3311,2449,3550,21864,660,2570,4255,3416,5144,3279,1492,1048,3.02,11.75,19.46,15.62,23.53,15,6.82,4.79
"Genesee, New York",Genesee,36037,0,36,37,,,,,,56966,115.6,-3113,-283,56274,114.2,-692,-138,60079,60332,60036,2043796447,89206,72288,36988,2216178206,96891,77369,40593,3418,8052,3111,7602,31387,758,29167,26241,2926,122,97,0,15,0,10,37,59,279,781,184,2.42,92.93,83.6,9.32,0.39,0.31,0,0.05,0,0.03,0.12,0.19,0.89,2.49,0.59,31387,19725,9903,774,227,62.84,31.55,2.47,0.72,72288,3307,1752,2872,3953,3533,2897,4597,22911,973,2786,3364,4212,4188,4038,2237,1113,4.25,12.16,14.68,18.38,18.28,17.62,9.76,4.86
"Greene, New York",Greene,36039,0,36,39,,,,,,47208,72.9,-2013,-183,46538,71.9,-670,-134,49221,48125,44674,1589523393,82896,66773,34164,1692069346,89390,71183,36904,2269,5737,2034,5298,20956,981,17725,14755,2970,209,92,0,63,54,0,63,74,20,770,1114,4.68,84.58,70.41,14.17,1,0.44,0,0.3,0.26,0,0.3,0.35,0.1,3.67,5.32,20956,12332,5861,1340,442,58.85,27.97,6.39,2.11,66773,3196,1787,2393,3296,2690,2103,3710,19175,396,2253,1982,3234,3723,3900,2590,1097,2.07,11.75,10.34,16.87,19.42,20.34,13.51,5.72
"Hamilton, New York",Hamilton,36041,0,36,41,,,,,,4341,2.5,-495,-45,4180,2.4,-161,-32,4836,5379,5282,188590862,90931,71609,44066,202412352,100155,76402,49111,160,450,139,397,1835,85,1651,1535,116,2,2,0,0,0,0,0,0,4,79,14,4.63,89.97,83.65,6.32,0.11,0.11,0,0,0,0,0,0,0.22,4.31,0.76,1835,1162,367,92,129,63.32,20,5.01,7.03,71609,270,172,270,376,321,225,440,2074,27,205,167,484,657,287,160,87,1.3,9.88,8.05,23.34,31.68,13.84,7.71,4.19
"Herkimer, New York",Herkimer,36043,0,36,43,,,,,,60933,43.2,-3586,-326,59831,42.4,-1102,-220,64519,64331,65751,1941346121,77047,63103,32316,2050969351,82491,67492,34777,3483,8420,3131,7778,26520,1548,22888,20023,2865,171,142,0,15,4,10,53,76,43,1619,122,5.84,86.3,75.5,10.8,0.64,0.54,0,0.06,0.02,0.04,0.2,0.29,0.16,6.1,0.46,26520,18070,5619,533,750,68.14,21.19,2.01,2.83,63103,4856,2266,3197,4349,3733,2823,3973,25197,1132,2942,3512,4515,4465,4194,3309,1128,4.49,11.68,13.94,17.92,17.72,16.64,13.13,4.48
"Jefferson, New York",Jefferson,36045,0,36,45,,,,,,107244,84.5,-8985,-816,105038,82.8,-2206,-441,116229,111737,110963,3278879020,80966,66188,31756,3432381953,86310,70894,33964,8961,15545,8148,14433,40945,1815,37094,33259,3835,389,364,0,25,0,0,178,54,76,1139,200,4.43,90.59,81.23,9.37,0.95,0.89,0,0.06,0,0,0.43,0.13,0.19,2.78,0.49,40945,29771,7934,863,562,72.71,19.38,2.11,1.37,66188,6801,3526,5105,7438,6154,4632,6841,40497,3435,7391,6605,6899,6164,5289,3311,1403,8.48,18.25,16.31,17.04,15.22,13.06,8.18,3.46
"Kings, New York",Kings,36047,0,36,47,,,,,,2528638,35707.3,23938,2176,2530151,35728.6,1513,302,2504700,2465304,2299119,85156640881,90805,63078,34146,90248375640,95797,70476,36162,185782,341432,172885,319815,1143101,58571,288545,242867,45678,649409,96357,4495,536498,11203,856,7001,1396,15860,115089,7230,5.12,25.24,21.25,4,56.81,8.43,0.39,46.93,0.98,0.07,0.61,0.12,1.39,10.07,0.63,1143101,254932,504940,245638,79020,22.3,44.17,21.49,6.91,63078,217995,77059,102858,135696,114662,83337,206193,937800,39981,181424,169838,160010,158861,121088,76905,29693,4.26,19.35,18.11,17.06,16.94,12.91,8.2,3.17
"Lewis, New York",Lewis,36049,0,36,49,,,,,,26123,20.5,-964,-87,25804,20.2,-319,-63,27087,26944,26804,800683090,77368,63953,31007,852235916,82701,68020,33410,1773,3968,1622,3701,10845,586,9686,8128,1558,26,19,0,2,5,0,0,24,16,452,55,5.4,89.31,74.95,14.37,0.24,0.18,0,0.02,0.05,0,0,0.22,0.15,4.17,0.51,10845,7131,2307,580,241,65.75,21.27,5.35,2.22,63953,1644,969,1453,1986,1588,1097,1612,10349,352,1291,1202,2025,2489,1691,950,349,3.4,12.47,11.61,19.57,24.05,16.34,9.18,3.37
"Livingston, New York",Livingston,36051,0,36,51,,,,,,62337,98.7,-3056,-277,61345,97.1,-992,-198,65393,64324,62380,2037217575,86495,75828,33422,2138856191,91498,81099,35656,3114,7965,2828,7400,25750,1487,22284,19988,2296,178,172,0,6,0,0,7,3,39,1568,184,5.77,86.54,77.62,8.92,0.69,0.67,0,0.02,0,0,0.03,0.01,0.15,6.09,0.71,25750,13684,8966,1267,346,53.14,34.82,4.92,1.34,75828,3437,1703,2528,3985,3715,3127,5058,23553,1222,2327,3402,5097,5025,3611,2134,735,5.19,9.88,14.44,21.64,21.33,15.33,9.06,3.12
"Madison, New York",Madison,36053,0,36,53,,,,,,70451,107.6,-2991,-271,69577,106.3,-874,-174,73442,69442,69129,2467095813,88051,72693,35825,2634698597,92981,77592,38737,3942,9917,3579,9316,33382,1983,29107,24713,4394,221,216,0,0,5,0,41,14,270,1612,134,5.94,87.19,74.03,13.16,0.66,0.65,0,0,0.01,0,0.12,0.04,0.81,4.83,0.4,33382,19689,10087,1066,557,58.98,30.22,3.19,1.67,72693,4209,2023,3185,5059,4305,3513,5725,28019,1035,3046,3641,5255,6403,5089,2344,1206,3.69,10.87,12.99,18.76,22.85,18.16,8.37,4.3
"Monroe, New York",Monroe,36055,0,36,55,,,,,,740553,1126.8,-3791,-344,737326,1121.9,-3227,-645,744344,735219,714000,28655237340,94038,73190,39481,29838463404,97659,78725,41302,45587,105123,42084,98598,340579,17418,302127,275951,26176,7497,7095,37,303,32,30,335,844,1713,9193,1452,5.11,88.71,81.02,7.69,2.2,2.08,0.01,0.09,0.01,0.01,0.1,0.25,0.5,2.7,0.43,340579,258036,55526,5943,3656,75.76,16.3,1.74,1.07,73190,51685,23374,33861,46828,41751,35072,72148,304719,13117,44455,52358,54148,58614,43024,28099,10904,4.3,14.59,17.18,17.77,19.24,14.12,9.22,3.58
"Montgomery, New York",Montgomery,36057,0,36,57,,,,,,49112,121.9,-1107,-100,48833,121.2,-279,-55,50219,49612,51891,1529826044,76853,60092,31746,1620184391,82085,64400,33827,3168,7270,2939,6818,18838,989,16046,13979,2067,162,150,12,0,0,0,107,5,28,1014,487,5.25,85.18,74.21,10.97,0.86,0.8,0.06,0,0,0,0.57,0.03,0.15,5.38,2.59,18838,10989,5289,1194,377,58.33,28.08,6.34,2,60092,4152,1936,2532,3302,2750,1998,3236,19906,842,2457,3089,3142,4454,3189,2059,674,4.23,12.34,15.52,15.78,22.38,16.02,10.34,3.39
"Nassau, New York",Nassau,36059,0,36,59,,,,,,1351174,4745.7,11642,1058,1347101,4731.4,-4073,-814,1339532,1334541,1290144,78150209642,170581,129703,58287,77653265095,169958,138485,58111,80479,200857,74847,188071,665487,31514,500305,442947,57358,110230,16178,419,13314,80144,175,2767,370,2631,15446,2224,4.74,75.18,66.56,8.62,16.56,2.43,0.06,2,12.04,0.03,0.42,0.06,0.4,2.32,0.33,665487,269794,220018,83722,60439,40.54,33.06,12.58,9.08,129703,38509,19263,28298,46259,47328,45184,233301,458142,7281,45713,75356,84747,105387,72145,44530,22983,1.59,9.98,16.45,18.5,23,15.75,9.72,5.02
"New York, New York",New York,36061,0,36,61,,,,,,1608020,70438.5,22147,2013,1607369,70410,-651,-130,1585873,1537133,1487497,1.27858E+11,162626,92096,80949,1.18699E+11,150553,99641,75288,78114,129549,72265,120730,843649,69562,82427,61999,20428,475471,58429,3660,398741,13823,818,23242,714,11605,173441,7187,8.25,9.77,7.35,2.42,56.36,6.93,0.43,47.26,1.64,0.1,2.75,0.08,1.38,20.56,0.85,843649,362313,322577,65934,23263,42.95,38.24,7.82,2.76,92096,150696,47536,59271,82079,78268,60877,307486,786213,54876,178130,138115,116861,113540,90297,65172,29222,6.98,22.66,17.57,14.86,14.44,11.49,8.29,3.72
"Niagara, New York",Niagara,36063,0,36,63,,,,,,208391,398.9,-8078,-734,205474,393.4,-2917,-583,216469,219832,220776,7469640557,83857,67385,36280,7919955903,89209,72092,39017,12065,28993,10991,27272,89123,2719,81117,73220,7897,1351,1252,34,65,0,0,83,253,283,2998,319,3.05,91.02,82.16,8.86,1.52,1.4,0.04,0.07,0,0,0.09,0.28,0.32,3.36,0.36,89123,57341,25318,2222,1523,64.34,28.41,2.49,1.71,67385,15559,8031,10737,14684,12843,9184,18038,89076,2779,14296,11347,17035,18117,14980,7327,3195,3.12,16.05,12.74,19.12,20.34,16.82,8.23,3.59
"Oneida, New York",Oneida,36065,0,36,65,,,,,,227371,187.5,-7507,-682,224761,185.4,-2610,-522,234878,235528,250419,7830241593,85349,67284,35256,8214517179,90101,71977,37421,13371,30815,12228,28711,99018,3703,89507,79228,10279,1489,1442,1,44,1,1,324,104,133,2923,835,3.74,90.39,80.01,10.38,1.5,1.46,0,0.04,0,0,0.33,0.11,0.13,2.95,0.84,99018,73840,16420,3652,1403,74.57,16.58,3.69,1.42,67284,17187,7936,10487,14843,13171,9480,18640,91744,3913,12453,14348,17039,17593,14075,8658,3665,4.27,13.57,15.64,18.57,19.18,15.34,9.44,3.99
"Onondaga, New York",Onondaga,36067,0,36,67,,,,,,458740,589.3,-8286,-753,457243,587.4,-1497,-299,467026,458335,468637,17887383619,95612,73787,39782,18737863578,100099,79205,41798,28566,66628,26424,62852,201469,8565,177443,160411,17032,6144,6000,39,92,13,0,64,575,906,6607,1165,4.25,88.07,79.62,8.45,3.05,2.98,0.02,0.05,0.01,0,0.03,0.29,0.45,3.28,0.58,201469,164039,23134,4074,1657,81.42,11.48,2.02,0.82,73787,31775,14563,19870,28727,25697,19310,47142,187084,10099,26177,30943,32454,37092,26846,14173,9300,5.4,13.99,16.54,17.35,19.83,14.35,7.58,4.97
"Ontario, New York",Ontario,36069,0,36,69,,,,,,110258,171.2,2327,211,109596,170.2,-662,-132,107931,100203,95095,4477293774,99434,78205,41096,4661688843,103174,83290,43081,6349,16050,5795,15185,52001,2907,46465,42512,3953,368,289,11,20,41,7,6,97,112,1671,375,5.59,89.35,81.75,7.6,0.71,0.56,0.02,0.04,0.08,0.01,0.01,0.19,0.22,3.21,0.72,52001,30044,17068,1368,614,57.78,32.82,2.63,1.18,78205,5663,3384,5036,7561,6787,5119,11478,45028,1251,4837,6520,8106,9919,7664,4351,2380,2.78,10.74,14.48,18,22.03,17.02,9.66,5.29
"Orange, New York",Orange,36071,0,36,71,,,,,,385777,475.3,12964,1178,390694,481.3,4917,983,372813,341365,307593,15686458877,118723,95422,41501,17036338239,127138,102110,44505,29825,66837,28401,64642,167644,7988,138966,120279,18687,9319,4939,73,830,3451,26,3422,105,244,7178,422,4.76,82.89,71.75,11.15,5.56,2.95,0.04,0.5,2.06,0.02,2.04,0.06,0.15,4.28,0.25,167644,87301,43329,16806,12220,52.08,25.85,10.02,7.29,95422,16345,7526,11133,17222,16939,14631,48331,132127,2977,16672,21008,32190,26110,18188,12361,2621,2.25,12.62,15.9,24.36,19.76,13.77,9.36,1.98
"Orleans, New York",Orleans,36073,0,36,73,,,,,,39929,102.1,-2954,-268,39047,99.8,-882,-176,42883,44237,41915,1207909294,79280,68103,31081,1268592817,84359,72653,33420,2209,5668,2004,5242,18078,486,16694,15168,1526,136,136,0,0,0,0,0,9,71,477,205,2.69,92.34,83.9,8.44,0.75,0.75,0,0,0,0,0,0.05,0.39,2.64,1.13,18078,9263,7270,764,295,51.24,40.21,4.23,1.63,68103,2419,1275,1958,2715,2355,1738,2776,15236,465,1979,2631,2721,3456,2183,1245,556,3.05,12.99,17.27,17.86,22.68,14.33,8.17,3.65
"Oswego, New York",Oswego,36075,0,36,75,,,,,,116356,122.3,-5753,-523,115029,120.9,-1327,-265,122109,122377,121780,3671313499,81380,66519,32109,3940161737,87754,70930,34868,7045,17256,6430,16201,53289,1239,48830,44852,3978,265,243,0,0,22,0,25,40,128,2323,439,2.33,91.63,84.17,7.46,0.5,0.46,0,0,0.04,0,0.05,0.08,0.24,4.36,0.82,53289,30181,19380,1882,607,56.64,36.37,3.53,1.14,66519,7926,3846,5594,7855,6616,4978,8298,45113,2543,7244,7021,8036,9424,5709,4078,1058,5.64,16.06,15.56,17.81,20.89,12.65,9.04,2.35
"Otsego, New York",Otsego,36077,0,36,77,,,,,,58722,58.6,-3537,-321,57350,57.3,-1372,-274,62259,61652,59903,1907065379,81936,64514,33215,1974390660,86786,68809,35210,2680,7069,2394,6484,24773,1483,20728,16672,4056,411,357,0,17,37,0,15,28,111,1886,111,5.99,83.67,67.3,16.37,1.66,1.44,0,0.07,0.15,0,0.06,0.11,0.45,7.61,0.45,24773,16926,4783,876,705,68.32,19.31,3.54,2.85,64514,4010,2077,3184,4076,3476,2293,4159,23275,1063,2988,3125,3737,4367,4513,2417,1065,4.57,12.84,13.43,16.06,18.76,19.39,10.38,4.58
"Putnam, New York",Putnam,36079,0,36,79,,,,,,98487,427.6,-1223,-111,97778,424.5,-709,-141,99710,95744,83960,5399386113,153274,127354,55483,5454769882,154807,134470,56487,5550,15631,5185,14727,44147,2098,37566,34498,3068,3280,520,28,371,2355,6,0,5,27,833,338,4.75,85.09,78.14,6.95,7.43,1.18,0.06,0.84,5.33,0.01,0,0.01,0.06,1.89,0.77,44147,17689,15424,5630,3306,40.07,34.94,12.75,7.49,127354,2682,1475,2535,3599,3473,3685,17778,35227,423,2887,5116,8228,9630,4885,3131,927,1.2,8.2,14.52,23.36,27.34,13.87,8.89,2.63
"Queens, New York",Queens,36081,0,36,81,,,,,,2218265,20438.8,-12457,-1132,2201563,20284.9,-16702,-3340,2230722,2229363,1951082,79205461355,101473,74293,36199,85065803365,110045,84540,39176,140415,270406,131115,250902,1059664,26849,444609,384205,60404,504753,103750,2149,372993,25646,215,5748,794,4835,62834,9242,2.53,41.96,36.26,5.7,47.63,9.79,0.2,35.2,2.42,0.02,0.54,0.07,0.46,5.93,0.87,1059664,272299,389854,255075,115587,25.7,36.79,24.07,10.91,74293,127447,59862,84813,121591,105418,84137,197291,780559,22957,125318,137312,138951,149340,107860,70814,28007,2.94,16.05,17.59,17.8,19.13,13.82,9.07,3.59
"Rensselaer, New York",Rensselaer,36083,0,36,83,,,,,,158067,242.3,-1362,-123,156439,239.8,-1628,-325,159429,152538,154453,6498690926,100071,80912,41832,6881281179,106609,86260,44777,9362,21372,8589,20109,81085,3140,71086,65741,5345,2964,2727,19,74,137,7,213,141,100,3092,349,3.87,87.67,81.08,6.59,3.66,3.36,0.02,0.09,0.17,0.01,0.26,0.17,0.12,3.81,0.43,81085,55247,19823,1864,1011,68.13,24.45,2.3,1.25,80912,9540,4466,6590,9673,9307,7448,17917,64941,3632,9067,10381,10716,12222,10548,6811,1564,5.59,13.96,15.99,16.5,18.82,16.24,10.49,2.41
"Richmond, New York",Richmond,36085,0,36,85,,,,,,475606,8148.1,6876,625,474262,8125,-1344,-268,468730,443731,378946,21029415533,123505,98004,44668,22660157545,133232,105763,48273,31326,69293,29251,65532,198429,4588,129008,114440,14568,56880,40411,251,6493,2193,7532,245,86,427,6310,885,2.31,65.01,57.67,7.34,28.67,20.37,0.13,3.27,1.11,3.8,0.12,0.04,0.22,3.18,0.45,198429,68029,56999,40775,28038,34.28,28.73,20.55,14.13,98004,22260,9731,13585,20972,20201,19611,63912,170272,4307,22293,29197,35303,36055,24199,14706,4212,2.53,13.09,17.15,20.73,21.17,14.21,8.64,2.47
"Rockland, New York",Rockland,36087,0,36,87,,,,,,325948,1878.1,14261,1296,331165,1908.2,5217,1043,311687,286752,265514,15538327741,148173,113029,48418,16284082294,153021,120624,49965,27041,56468,25860,54571,137829,6431,111626,99004,12622,12041,8407,29,747,2622,236,1808,190,100,4777,856,4.67,80.99,71.83,9.16,8.74,6.1,0.02,0.54,1.9,0.17,1.31,0.14,0.07,3.47,0.62,137829,76901,28987,14313,11197,55.79,21.03,10.38,8.12,113029,10722,5592,7443,11596,11406,10887,47220,104866,3640,9812,19344,21243,21003,16911,9253,3660,3.47,9.36,18.45,20.26,20.03,16.13,8.82,3.49
"St Lawrence, New York",St Lawrence,36089,0,36,89,,,,,,107099,40,-4845,-440,105457,39.3,-1642,-328,111944,111931,111985,3039836957,77817,61016,29384,3158618421,82975,65299,31029,6394,13692,5787,12708,47950,2390,40460,34809,5651,366,126,0,229,7,4,128,96,185,3924,401,4.98,84.38,72.59,11.79,0.76,0.26,0,0.48,0.01,0.01,0.27,0.2,0.39,8.18,0.84,47950,33771,9608,1402,779,70.43,20.04,2.92,1.62,61016,7982,3752,4866,6654,5525,3949,6336,39064,2392,4029,6480,6558,7934,6481,3898,1292,6.12,10.31,16.59,16.79,20.31,16.59,9.98,3.31
"Saratoga, New York",Saratoga,36091,0,36,91,,,,,,230906,285.1,11299,1027,229362,283.2,-1544,-308,219607,200653,181314,10725780497,113439,93538,46753,11431199387,120890,99166,50169,13754,33839,12688,32097,119002,5685,108449,98314,10135,925,805,2,25,91,2,164,151,244,2755,629,4.78,91.13,82.62,8.52,0.78,0.68,0,0.02,0.08,0,0.14,0.13,0.21,2.32,0.53,119002,74291,32564,3697,2765,62.43,27.36,3.11,2.32,93538,9496,5276,8422,13860,13784,11832,31881,94551,2254,11605,16472,19119,21405,13095,8223,2378,2.38,12.27,17.42,20.22,22.64,13.85,8.7,2.52
"Schenectady, New York",Schenectady,36093,0,36,93,,,,,,155386,759.8,659,59,155646,761,260,52,154727,146560,149321,5927750412,93912,77314,38878,6309819967,100229,82919,41320,10082,22918,9401,22029,74888,2457,66049,61680,4369,2397,2290,0,44,63,0,276,98,174,2976,461,3.28,88.2,82.36,5.83,3.2,3.06,0,0.06,0.08,0,0.37,0.13,0.23,3.97,0.62,74888,50013,19548,1571,1299,66.78,26.1,2.1,1.73,77314,10042,4728,6338,9573,9497,7346,15596,63120,2148,9735,8722,11170,13580,9259,5940,2566,3.4,15.42,13.82,17.7,21.51,14.67,9.41,4.07
"Schoharie, New York",Schoharie,36095,0,36,95,,,,,,31141,50.1,-1608,-146,30803,49.5,-338,-67,32749,31597,32380,1131482276,87185,72258,36676,1210157174,92996,77331,39652,1479,4049,1336,3786,16026,826,14092,12603,1489,325,294,0,25,6,0,0,11,59,532,181,5.15,87.93,78.64,9.29,2.03,1.83,0,0.16,0.04,0,0,0.07,0.37,3.32,1.13,16026,9290,3793,1695,422,57.97,23.67,10.58,2.63,72258,2118,909,1457,2252,1946,1576,2720,12978,340,2006,1718,2045,2986,2648,912,323,2.62,15.46,13.24,15.76,23.01,20.4,7.03,2.49
"Schuyler, New York",Schuyler,36097,0,36,97,,,,,,17696,53.9,-647,-58,17490,53.3,-206,-41,18343,19217,17645,603820858,79138,67529,34474,648897341,83978,72177,37487,878,2429,792,2253,8898,403,8098,7384,714,103,102,0,1,0,0,0,9,38,176,71,4.53,91.01,82.98,8.02,1.16,1.15,0,0.01,0,0,0,0.1,0.43,1.98,0.8,8898,5099,2800,315,281,57.31,31.47,3.54,3.16,67529,1102,673,1024,1449,1253,734,1395,7630,224,675,1015,1437,1623,1269,996,391,2.94,8.85,13.3,18.83,21.27,16.63,13.05,5.12
"Seneca, New York",Seneca,36099,0,36,99,,,,,,33908,104.7,-1343,-122,33689,104.1,-219,-43,35251,33337,33676,1073284958,80692,68635,32700,1166175158,86834,73235,35710,1918,4421,1742,4137,14159,461,12659,11644,1015,106,104,0,2,0,0,0,56,52,719,106,3.26,89.41,82.24,7.17,0.75,0.73,0,0.01,0,0,0,0.4,0.37,5.08,0.75,14159,9746,3218,549,185,68.83,22.73,3.88,1.31,68635,2086,1217,1682,2234,2050,1631,2401,13301,531,1650,2114,2507,2711,2089,1349,350,3.99,12.41,15.89,18.85,20.38,15.71,10.14,2.63
"Steuben, New York",Steuben,36101,0,36,101,,,,,,94532,68,-4458,-405,93174,67,-1358,-271,98990,98700,99077,3228826247,83131,65176,34600,3365975292,87795,69518,36577,5695,13833,5183,12864,39852,1557,36170,33047,3123,224,218,0,0,0,6,66,109,157,1147,422,3.91,90.76,82.92,7.84,0.56,0.55,0,0,0,0.02,0.17,0.27,0.39,2.88,1.06,39852,26650,9451,1447,747,66.87,23.72,3.63,1.87,65176,6744,3476,4918,7054,5721,3836,7091,38840,1754,4455,6898,6296,8628,6124,3574,1111,4.52,11.47,17.76,16.21,22.21,15.77,9.2,2.86
"Suffolk, New York",Suffolk,36103,0,36,103,,,,,,1472868,1614.9,-20482,-1862,1464490,1605.7,-8378,-1675,1493350,1419375,1317781,73607357881,147259,117148,50501,75348268486,151123,124859,52008,90289,224168,83488,210106,711578,31907,617855,563072,54783,41922,6235,325,4300,30771,291,2572,400,1446,9261,6215,4.48,86.83,79.13,7.7,5.89,0.88,0.05,0.6,4.32,0.04,0.36,0.06,0.2,1.3,0.87,711578,363060,202545,64902,49164,51.02,28.46,9.12,6.91,117148,39149,22145,33085,56746,59303,57579,231841,499848,9029,47688,81519,99970,115295,80223,48278,17846,1.81,9.54,16.31,20,23.07,16.05,9.66,3.57
"Sullivan, New York",Sullivan,36105,0,36,105,,,,,,75898,78.4,-1649,-149,76000,78.5,102,20,77547,73969,69290,2533470310,84638,66087,34500,2702246959,89710,70642,36742,4885,10828,4566,10344,33008,2525,28532,25448,3084,645,434,0,89,122,0,83,33,34,1022,134,7.65,86.44,77.1,9.34,1.95,1.31,0,0.27,0.37,0,0.25,0.1,0.1,3.1,0.41,33008,18665,8305,2059,1454,56.55,25.16,6.24,4.4,66087,5647,2653,3485,4944,4275,3292,5637,29933,1235,2484,6260,6063,5628,5442,2311,510,4.13,8.3,20.91,20.26,18.8,18.18,7.72,1.7
"Tioga, New York",Tioga,36107,0,36,107,,,,,,47890,92.3,-3235,-294,47054,90.7,-836,-167,51125,51791,52354,1788898180,91984,77045,37635,1908050576,98991,82015,40857,2885,7037,2596,6518,23741,955,22059,19575,2484,82,77,0,5,0,0,84,78,21,431,31,4.02,92.92,82.45,10.46,0.35,0.32,0,0.02,0,0,0.35,0.33,0.09,1.82,0.13,23741,14424,7257,604,501,60.76,30.57,2.54,2.11,77045,2859,1472,1912,3204,3398,2375,4228,19448,709,1919,3711,3448,4303,2849,2019,490,3.65,9.87,19.08,17.73,22.13,14.65,10.38,2.52
"Tompkins, New York",Tompkins,36109,0,36,109,,,,,,100984,212.8,-580,-52,100350,211.4,-634,-126,101564,96514,94128,3769751022,95174,70597,38704,3904310398,98524,75721,40393,4469,10462,4111,9881,53372,3887,35794,28667,7127,3654,3592,0,17,45,0,0,150,531,9164,192,7.28,67.07,53.71,13.35,6.85,6.73,0,0.03,0.08,0,0,0.28,0.99,17.17,0.36,53372,39370,8181,1339,595,73.77,15.33,2.51,1.11,70597,7653,2753,4136,6387,5297,3569,9814,39609,4934,7614,4614,6923,7367,4331,2000,1826,12.46,19.22,11.65,17.48,18.6,10.93,5.05,4.61
"Ulster, New York",Ulster,36111,0,36,111,,,,,,177689,158.1,-4804,-436,175816,156.4,-1873,-374,182493,177748,166008,7372058622,104948,80595,42614,7751205016,110830,86058,45333,9553,23530,8835,22242,83629,7106,68613,60997,7616,2224,1182,6,356,680,0,315,48,287,4629,407,8.5,82.04,72.94,9.11,2.66,1.41,0.01,0.43,0.81,0,0.38,0.06,0.34,5.54,0.49,83629,43673,23754,5388,3708,52.22,28.4,6.44,4.43,80595,9672,5292,7291,10636,9972,8183,19199,70245,2637,7631,10973,12829,15545,11453,6140,3037,3.75,10.86,15.62,18.26,22.13,16.3,8.74,4.32
"Warren, New York",Warren,36113,0,36,113,,,,,,63822,73.6,-1885,-171,62841,72.5,-981,-196,65707,63302,59220,2680695504,95962,75881,42319,2827879103,101598,81250,45345,3241,8349,2934,7724,25640,1432,22920,19897,3023,170,123,0,27,0,20,154,38,147,645,134,5.59,89.39,77.6,11.79,0.66,0.48,0,0.11,0,0.08,0.6,0.15,0.57,2.52,0.52,25640,17701,5138,765,604,69.04,20.04,2.98,2.36,75881,3934,2154,3248,4481,4282,3402,6434,27935,866,3493,3669,5379,5785,4446,2820,1477,3.1,12.5,13.13,19.26,20.71,15.92,10.09,5.29
"Washington, New York",Washington,36115,0,36,115,,,,,,60624,72.9,-2592,-235,59602,71.7,-1022,-204,63216,61045,59343,1937508360,83280,70058,32365,2023329874,88401,74885,34385,3290,7914,2959,7323,26514,1623,23814,21436,2378,131,105,0,18,8,0,65,118,86,595,82,6.12,89.82,80.85,8.97,0.49,0.4,0,0.07,0.03,0,0.25,0.45,0.32,2.24,0.31,26514,14218,8094,1640,939,53.62,30.53,6.19,3.54,70058,3468,2009,2816,4162,3743,2965,4102,23265,781,2513,3398,4762,4472,3743,3003,593,3.36,10.8,14.61,20.47,19.22,16.09,12.91,2.55
"Wayne, New York",Wayne,36117,0,36,117,,,,,,89322,147.9,-4450,-404,88467,146.5,-855,-171,93772,93864,89207,3153537563,87818,74119,35728,3383352311,93797,79344,38702,5552,13731,5079,12925,48332,1698,44698,40546,4152,284,270,0,14,0,0,8,90,68,1228,258,3.51,92.48,83.89,8.59,0.59,0.56,0,0.03,0,0,0.02,0.19,0.14,2.54,0.53,48332,28905,16213,1164,352,59.81,33.55,2.41,0.73,74119,4770,2627,4370,6414,5516,4601,7612,35910,954,4414,6137,7037,7626,4882,3167,1693,2.66,12.29,17.09,19.6,21.24,13.6,8.82,4.71
"Westchester, New York",Westchester,36119,0,36,119,,,,,,965392,2242.5,16279,1479,965416,2242.6,24,4,949113,923457,872561,61029366041,170885,106902,64091,57129146580,159609,114638,60066,62965,146237,58760,138166,454675,27591,303304,272798,30506,90567,20098,376,14858,55205,30,3837,116,831,23862,4567,6.07,66.71,60,6.71,19.92,4.42,0.08,3.27,12.14,0.01,0.84,0.03,0.18,5.25,1,454675,205461,118791,74449,28383,45.19,26.13,16.37,6.24,106902,41746,19784,27458,41563,39134,32178,155275,357138,6184,40700,61278,72379,75310,51778,31860,17649,1.73,11.4,17.16,20.27,21.09,14.5,8.92,4.94
"Wyoming, New York",Wyoming,36121,0,36,121,,,,,,39408,66.5,-2747,-249,38792,65.4,-616,-123,42155,43421,42508,1201222238,80457,69882,30899,1287264303,86673,74406,33647,2073,5227,1863,4868,19168,717,16808,14991,1817,88,81,0,7,0,0,0,84,23,1214,234,3.74,87.69,78.21,9.48,0.46,0.42,0,0.04,0,0,0,0.44,0.12,6.33,1.22,19168,12624,4155,1191,481,65.86,21.68,6.21,2.51,69882,2303,1272,1730,2716,2410,1785,2714,14930,414,1885,2394,2895,3006,2174,1433,729,2.77,12.63,16.03,19.39,20.13,14.56,9.6,4.88
"Yates, New York",Yates,36123,0,36,123,,,,,,24763,73.2,-585,-53,24629,72.8,-134,-26,25348,24664,23876,815047572,86422,67025,33583,839504021,88978,71570,34780,1572,3794,1423,3576,10123,1016,8083,7310,773,91,68,0,12,11,0,3,30,203,663,34,10.04,79.85,72.21,7.64,0.9,0.67,0,0.12,0.11,0,0.03,0.3,2.01,6.55,0.34,10123,6568,1787,572,180,64.88,17.65,5.65,1.78,67025,1620,824,1147,1651,1456,1192,1541,9431,231,859,1064,1693,2339,1874,878,493,2.45,9.11,11.28,17.95,24.8,19.87,9.31,5.23
